{
  "mean": [
    -0.22625954449176788,
    -0.6370030641555786,
    -25.767192840576172,
    0.028791377320885658,
    -0.07005253434181213,
    -0.0035303242038935423
  ],
  "std": [
    3.8192121982574463,
    4.991497039794922,
    11.490729331970215,
    0.15481044352054596,
    0.12729409337043762,
    0.012934297323226929
  ],
  "cols": [
    "fx",
    "fy",
    "fz",
    "tx",
    "ty",
    "tz"
  ],
  "n_train_frames": 6322
}